GLN271A,PHE264A,1
CYS274A,GLN271A,1
LYS272B,GLU276B,1
ARG105B,ASP102B,1
ILE128B,LEU124B,1
SER174A,HIS147A,1
ALA178A,SER174A,1
SER182A,ALA178A,1
SER302B,ASP298B,1
SER302B,ASP298B,1
ILE163B,ASP159B,1
SER185A,SER181A,1
PHE256A,TRP252A,1
CYS326B,ASP273B,1
SER99B,ASP103B,1
TYR168B,ASP159B,1
ARG162B,ASP159B,1
THR196A,SER101A,1
LEU269B,HIS323B,1
ILE208A,ALA204A,1
LYS278B,ASP232B,1
SER306B,SER302B,1
TYR231B,LEU284B,1
SER225A,GLU224A,1
GLN138B,TRP132B,1
ILE81B,THR77B,1
THR171B,ASP174B,1
LEU133A,VAL129A,1
LYS117A,ARG113A,1
THR91A,ILE87A,1
LEU95A,THR91A,1
ALA107A,ASP103A,1
TYR197A,SER101A,1
ASN270B,SER44B,1
ARG210A,ASP342B,1
GLN207A,ASP342B,1
LEU267B,TYR321B,1
VAL284A,PHE280A,1
ASP281A,SER277A,1
LEU228B,ASN270B,1
SER242A,LEU238A,1
ALA218A,GLU215A,1
ALA96B,ASP134B,1
VAL85B,ILE81B,1
SER80B,ASN76B,1
ARG177B,ASP174B,1
THR178B,TYR156B,1
LEU126A,ALA122A,1
VAL129A,ILE125A,1
THR132A,SER128A,1
SER134A,ALA130A,1
SER138A,SER134A,1
ASN96A,ASN96A,1
THR91A,ILE87A,1
ARG104A,TYR298A,1
LYS346B,GLU319B,1
GLU234A,GLU234A,1
LYS307B,GLU290B,1
SER152B,SER62B,1
ARG32B,GLU28B,1
THR119A,GLU28B,1
SER128A,PHE124A,1
CYS89A,PHE85A,1
VAL83A,CYS79A,1
SER48A,ASN96A,1
SER52A,SER93A,1
THR42A,ASP103A,1
SER93A,ASP53A,1
PHE224B,ILE266B,1
LEU349B,ILE345B,1
CYS225B,LEU39B,1
ILE266B,ILE222B,1
LYS350B,LYS346B,1
LEU354B,LEU349B,1
GLY353B,LEU349B,1
TRP285A,GLU68A,1
ILE93B,MET88B,1
LYS10B,GLU14B,1
TYR147B,CYS140B,1
ARG70B,GLU64B,1
ARG70B,SER62B,1
SER77A,GLU164A,1
GLU164A,GLU164A,1
LYS198B,VAL34B,1
VAL34B,HIS196B,1
TRP131A,SER48A,1
CYS79A,GLY76A,1
LYS46B,ASP201B,1
ASP53A,LEU49A,1
ILE223B,LEU37B,1
ASN294A,ASP53A,1
SER291A,ASP53A,1
LYS64A,VAL60A,1
CYS352B,ASN348B,1
ILE297A,LEU293A,1
SER247B,ARG243B,1
ARG314B,ASP310B,1
MET18B,GLU14B,1
GLN68B,GLU64B,1
LEU23B,ILE19B,1
LYS121A,ASP20B,1
ARG24B,ASP20B,1
LEU36B,LYS198B,1
THR263B,VAL219B,1
ASN301A,ASP351B,1
LYS318B,THR261B,1
LEU13A,THR9A,1
THR317B,ASP316B,1
ALA10A,ARG6A,1
ILE7A,PHE3A,1
ALA12B,GLU8B,1
SER16B,ALA12B,1
CYS66B,GLN148B,1
LYS181B,GLU63B,1
TYR69B,GLU63B,1
LYS198B,TYR69B,1
LYS198B,GLU33B,1
ARG305A,ASN301A,1
THR20A,LEU16A,1
ILE17A,LEU13A,1
SER14A,ALA10A,1
CYS11A,ILE7A,1
ARG143B,GLU146B,1
ASP9B,VAL5B,1
LYS306A,ASP303A,1
LEU22A,LEU18A,1
ALA30A,LEU26A,1
SER309A,ARG305A,1
ARG206B,GLU208B,1
THR310A,LYS306A,1
